{
  "annotations": {
    "list": [
      {
        "builtIn": 1,
        "datasource": {
          "type": "grafana",
          "uid": "-- Grafana --"
        },
        "enable": true,
        "hide": true,
        "iconColor": "rgba(0, 211, 255, 1)",
        "name": "Annotations & Alerts",
        "target": {
          "limit": 100,
          "matchAny": false,
          "tags": [],
          "type": "dashboard"
        },
        "type": "dashboard"
      }
    ]
  },
  "editable": true,
  "fiscalYearStartMonth": 0,
  "graphTooltip": 0,
  "links": [],
  "liveNow": true,
  "panels": [
    {
      "datasource": {
        "type": "loki",
        "uid": "loki"
      },
      "fieldConfig": {
        "defaults": {
          "color": {
            "mode": "palette-classic"
          },
          "custom": {
            "axisCenteredZero": false,
            "axisColorMode": "text",
            "axisLabel": "Count",
            "axisPlacement": "auto",
            "barAlignment": 0,
            "drawStyle": "line",
            "fillOpacity": 0,
            "gradientMode": "none",
            "hideFrom": {
              "legend": false,
              "tooltip": false,
              "viz": false
            },
            "lineInterpolation": "linear",
            "lineWidth": 1,
            "pointSize": 5,
            "scaleDistribution": {
              "type": "linear"
            },
            "showPoints": "auto",
            "spanNulls": false,
            "stacking": {
              "group": "A",
              "mode": "none"
            },
            "thresholdsStyle": {
              "mode": "off"
            }
          },
          "mappings": [],
          "thresholds": {
            "mode": "absolute",
            "steps": [
              {
                "color": "green",
                "value": null
              }
            ]
          }
        },
        "overrides": [
          {
            "matcher": {
              "id": "byName",
              "options": "Value #A"
            },
            "properties": [
              {
                "id": "color",
                "value": {
                  "fixedColor": "green",
                  "mode": "fixed"
                }
              },
              {
                "id": "displayName",
                "value": "Info"
              }
            ]
          }
        ]
      },
      "gridPos": {
        "h": 8,
        "w": 12,
        "x": 0,
        "y": 0
      },
      "id": 2,
      "options": {
        "legend": {
          "calcs": [],
          "displayMode": "list",
          "placement": "bottom",
          "showLegend": true
        },
        "tooltip": {
          "mode": "single",
          "sort": "none"
        }
      },
      "targets": [
        {
          "datasource": {
            "type": "loki",
            "uid": "loki"
          },
          "editorMode": "builder",
          "expr": "count_over_time({container_name=\"capture\"} |= `INFO` [$__range])",
          "key": "Q-7f039620-50ea-4c2c-802e-214d0b7a7e91-0",
          "legendFormat": "Info",
          "queryType": "instant",
          "refId": "A"
        },
        {
          "datasource": {
            "type": "loki",
            "uid": "loki"
          },
          "editorMode": "builder",
          "expr": "count_over_time({container_name=\"capture\"} |= `ERROR` [$__range])",
          "key": "Q-ce362f78-7d18-4e33-ad0c-0e8fddea9a49-1",
          "legendFormat": "Error",
          "queryType": "instant",
          "refId": "B"
        }
      ],
      "title": "Capture Logs ",
      "type": "timeseries"
    },
    {
      "datasource": {
        "type": "loki",
        "uid": "loki"
      },
      "fieldConfig": {
        "defaults": {
          "color": {
            "mode": "palette-classic"
          },
          "custom": {
            "hideFrom": {
              "legend": false,
              "tooltip": false,
              "viz": false
            }
          },
          "mappings": []
        },
        "overrides": [
          {
            "matcher": {
              "id": "byName",
              "options": "Value #A"
            },
            "properties": [
              {
                "id": "color",
                "value": {
                  "fixedColor": "green",
                  "mode": "fixed"
                }
              },
              {
                "id": "displayName",
                "value": "Info"
              }
            ]
          }
        ]
      },
      "gridPos": {
        "h": 8,
        "w": 12,
        "x": 12,
        "y": 0
      },
      "id": 4,
      "options": {
        "displayLabels": [
          "percent"
        ],
        "legend": {
          "displayMode": "list",
          "placement": "right",
          "showLegend": true,
          "values": []
        },
        "pieType": "pie",
        "reduceOptions": {
          "calcs": [
            "lastNotNull"
          ],
          "fields": "",
          "values": false
        },
        "tooltip": {
          "mode": "single",
          "sort": "none"
        }
      },
      "targets": [
        {
          "datasource": {
            "type": "loki",
            "uid": "loki"
          },
          "editorMode": "builder",
          "expr": "count_over_time({container_name=\"capture\"} |= `INFO` [$__range])",
          "key": "Q-7f039620-50ea-4c2c-802e-214d0b7a7e91-0",
          "legendFormat": "Info",
          "queryType": "instant",
          "refId": "A"
        },
        {
          "datasource": {
            "type": "loki",
            "uid": "loki"
          },
          "editorMode": "builder",
          "expr": "count_over_time({container_name=\"capture\"} |= `ERROR` [$__range])",
          "key": "Q-ce362f78-7d18-4e33-ad0c-0e8fddea9a49-1",
          "legendFormat": "Error",
          "queryType": "instant",
          "refId": "B"
        }
      ],
      "title": "Capture Logs Data Overview",
      "type": "piechart"
    },
    {
      "datasource": {
        "type": "loki",
        "uid": "loki"
      },
      "gridPos": {
        "h": 8,
        "w": 16,
        "x": 0,
        "y": 8
      },
      "id": 1,
      "options": {
        "dedupStrategy": "none",
        "enableLogDetails": true,
        "prettifyLogMessage": false,
        "showCommonLabels": false,
        "showLabels": false,
        "showTime": true,
        "sortOrder": "Descending",
        "wrapLogMessage": true
      },
      "targets": [
        {
          "datasource": {
            "type": "loki",
            "uid": "loki"
          },
          "editorMode": "builder",
          "expr": "{container_name=\"capture\"} |= ``",
          "key": "Q-df2ccdbc-46a5-4746-acbe-998e1799eee2-0",
          "queryType": "range",
          "refId": "A"
        }
      ],
      "title": "Capture Logs Details",
      "type": "logs"
    },
    {
      "datasource": {
        "type": "loki",
        "uid": "loki"
      },
      "fieldConfig": {
        "defaults": {
          "color": {
            "fixedColor": "green",
            "mode": "fixed"
          },
          "mappings": [],
          "noValue": "0",
          "thresholds": {
            "mode": "absolute",
            "steps": [
              {
                "color": "green",
                "value": null
              }
            ]
          },
          "unit": "none"
        },
        "overrides": [
          {
            "matcher": {
              "id": "byName",
              "options": "Value #A"
            },
            "properties": [
              {
                "id": "displayName",
                "value": "Logs Count"
              }
            ]
          }
        ]
      },
      "gridPos": {
        "h": 8,
        "w": 4,
        "x": 16,
        "y": 8
      },
      "id": 6,
      "options": {
        "colorMode": "value",
        "graphMode": "none",
        "justifyMode": "auto",
        "orientation": "auto",
        "reduceOptions": {
          "calcs": [
            "lastNotNull"
          ],
          "fields": "",
          "values": false
        },
        "textMode": "auto"
      },
      "pluginVersion": "9.3.2",
      "targets": [
        {
          "datasource": {
            "type": "loki",
            "uid": "loki"
          },
          "editorMode": "builder",
          "expr": "sum(count_over_time({container_name=\"capture\"} [$__range]))",
          "key": "Q-7f039620-50ea-4c2c-802e-214d0b7a7e91-0",
          "legendFormat": "",
          "queryType": "instant",
          "refId": "A"
        }
      ],
      "title": "Logs Count",
      "type": "stat"
    },
    {
      "datasource": {
        "type": "loki",
        "uid": "loki"
      },
      "fieldConfig": {
        "defaults": {
          "color": {
            "fixedColor": "semi-dark-red",
            "mode": "fixed"
          },
          "mappings": [],
          "noValue": "0",
          "thresholds": {
            "mode": "absolute",
            "steps": [
              {
                "color": "green",
                "value": null
              }
            ]
          },
          "unit": "none"
        },
        "overrides": []
      },
      "gridPos": {
        "h": 8,
        "w": 4,
        "x": 20,
        "y": 8
      },
      "id": 8,
      "options": {
        "colorMode": "value",
        "graphMode": "none",
        "justifyMode": "auto",
        "orientation": "auto",
        "reduceOptions": {
          "calcs": [
            "lastNotNull"
          ],
          "fields": "",
          "values": false
        },
        "textMode": "auto"
      },
      "pluginVersion": "9.3.2",
      "targets": [
        {
          "datasource": {
            "type": "loki",
            "uid": "loki"
          },
          "editorMode": "builder",
          "expr": "sum(count_over_time({container_name=\"capture\"} |= `ERROR` [$__range]))",
          "key": "Q-7f039620-50ea-4c2c-802e-214d0b7a7e91-0",
          "legendFormat": "Error",
          "queryType": "instant",
          "refId": "A"
        }
      ],
      "title": "Error Count",
      "type": "stat"
    }
  ],
  "refresh": "3m",
  "schemaVersion": 37,
  "style": "dark",
  "tags": [],
  "templating": {
    "list": []
  },
  "time": {
    "from": "now-6h",
    "to": "now"
  },
  "timepicker": {
    "refresh_intervals": [
      "3m"
    ]
  },
  "timezone": "",
  "title": "Capture_Dashboard",
  "uid": "dJRqvJo4k",
  "version": 1,
  "weekStart": ""
}