{
  "annotations": {
    "list": [
      {
        "builtIn": 1,
        "datasource": {
          "type": "grafana",
          "uid": "-- Grafana --"
        },
        "enable": true,
        "hide": true,
        "iconColor": "rgba(0, 211, 255, 1)",
        "name": "Annotations & Alerts",
        "target": {
          "limit": 100,
          "matchAny": false,
          "tags": [],
          "type": "dashboard"
        },
        "type": "dashboard"
      }
    ]
  },
  "editable": true,
  "fiscalYearStartMonth": 0,
  "graphTooltip": 0,
  "links": [],
  "liveNow": true,
  "panels": [
    {
      "datasource": {
        "type": "loki",
        "uid": "loki"
      },
      "fieldConfig": {
        "defaults": {
          "color": {
            "fixedColor": "green",
            "mode": "fixed"
          },
          "mappings": [],
          "noValue": "0",
          "thresholds": {
            "mode": "absolute",
            "steps": [
              {
                "color": "green",
                "value": null
              }
            ]
          },
          "unit": "none"
        },
        "overrides": [
          {
            "matcher": {
              "id": "byName",
              "options": "Value #A"
            },
            "properties": [
              {
                "id": "displayName",
                "value": "Logs Count"
              }
            ]
          }
        ]
      },
      "gridPos": {
        "h": 8,
        "w": 8,
        "x": 0,
        "y": 0
      },
      "id": 20,
      "maxDataPoints": 192,
      "options": {
        "colorMode": "value",
        "graphMode": "none",
        "justifyMode": "auto",
        "orientation": "auto",
        "reduceOptions": {
          "calcs": [
            "lastNotNull"
          ],
          "fields": "",
          "values": false
        },
        "textMode": "auto"
      },
      "pluginVersion": "9.3.2",
      "targets": [
        {
          "datasource": {
            "type": "loki",
            "uid": "loki"
          },
          "editorMode": "builder",
          "expr": "sum(count_over_time({container_name=\"core\"} [$__range]))",
          "hide": false,
          "key": "Q-2b5a17bd-6fd8-4a81-b67f-b3407f3d9f20-0",
          "legendFormat": "",
          "queryType": "instant",
          "refId": "A"
        }
      ],
      "title": "Logs_Count",
      "type": "stat"
    },
    {
      "datasource": {
        "type": "loki",
        "uid": "loki"
      },
      "fieldConfig": {
        "defaults": {
          "color": {
            "mode": "palette-classic"
          },
          "custom": {
            "hideFrom": {
              "legend": false,
              "tooltip": false,
              "viz": false
            }
          },
          "mappings": []
        },
        "overrides": [
          {
            "matcher": {
              "id": "byName",
              "options": "Value #A"
            },
            "properties": [
              {
                "id": "color",
                "value": {
                  "fixedColor": "orange",
                  "mode": "fixed"
                }
              },
              {
                "id": "displayName",
                "value": "DATA"
              }
            ]
          },
          {
            "matcher": {
              "id": "byName",
              "options": "Value #B"
            },
            "properties": [
              {
                "id": "color",
                "value": {
                  "fixedColor": "green",
                  "mode": "fixed"
                }
              },
              {
                "id": "displayName",
                "value": "DRFITS"
              }
            ]
          },
          {
            "matcher": {
              "id": "byName",
              "options": "Value #D"
            },
            "properties": [
              {
                "id": "color",
                "value": {
                  "fixedColor": "light-blue",
                  "mode": "fixed"
                }
              },
              {
                "id": "displayName",
                "value": "IMAGE"
              }
            ]
          },
          {
            "matcher": {
              "id": "byName",
              "options": "Value #C"
            },
            "properties": [
              {
                "id": "color",
                "value": {
                  "fixedColor": "purple",
                  "mode": "fixed"
                }
              },
              {
                "id": "displayName",
                "value": "FPGA"
              }
            ]
          }
        ]
      },
      "gridPos": {
        "h": 8,
        "w": 16,
        "x": 8,
        "y": 0
      },
      "id": 6,
      "maxDataPoints": 192,
      "options": {
        "displayLabels": [
          "percent"
        ],
        "legend": {
          "displayMode": "list",
          "placement": "right",
          "showLegend": true,
          "values": []
        },
        "pieType": "donut",
        "reduceOptions": {
          "calcs": [
            "lastNotNull"
          ],
          "fields": "",
          "values": false
        },
        "tooltip": {
          "mode": "single",
          "sort": "none"
        }
      },
      "targets": [
        {
          "datasource": {
            "type": "loki",
            "uid": "loki"
          },
          "editorMode": "builder",
          "expr": "sum(count_over_time({container_name=\"core\"} |= `DATA` [$__range]))",
          "key": "Q-2b5a17bd-6fd8-4a81-b67f-b3407f3d9f20-0",
          "legendFormat": "DATA",
          "queryType": "instant",
          "refId": "A"
        },
        {
          "datasource": {
            "type": "loki",
            "uid": "loki"
          },
          "editorMode": "builder",
          "expr": "sum(count_over_time({container_name=\"core\"} |= `DRFITS` [$__range]))",
          "key": "Q-f9117519-a72d-49a7-a358-fd9c6bd3580b-1",
          "legendFormat": "DRFITS",
          "queryType": "instant",
          "refId": "B"
        },
        {
          "datasource": {
            "type": "loki",
            "uid": "loki"
          },
          "editorMode": "builder",
          "expr": "sum(count_over_time({container_name=\"core\"} |= `FPGA` [$__range]))",
          "key": "Q-4cfbd713-c5f2-4f27-81d5-d0ee23e71c21-2",
          "legendFormat": "FPGA",
          "queryType": "instant",
          "refId": "C"
        },
        {
          "datasource": {
            "type": "loki",
            "uid": "loki"
          },
          "editorMode": "builder",
          "expr": "sum(count_over_time({container_name=\"core\"} |= `IMAGE` [$__range]))",
          "key": "Q-bc681658-1c0b-46d4-b42b-719ae811f8e3-4",
          "legendFormat": "IMAGE",
          "queryType": "instant",
          "refId": "D"
        }
      ],
      "title": "Core Overview",
      "type": "piechart"
    },
    {
      "datasource": {
        "type": "loki",
        "uid": "loki"
      },
      "fieldConfig": {
        "defaults": {
          "color": {
            "mode": "palette-classic"
          },
          "custom": {
            "hideFrom": {
              "legend": false,
              "tooltip": false,
              "viz": false
            }
          },
          "mappings": []
        },
        "overrides": [
          {
            "matcher": {
              "id": "byName",
              "options": "Value #A"
            },
            "properties": [
              {
                "id": "color",
                "value": {
                  "fixedColor": "green",
                  "mode": "fixed"
                }
              },
              {
                "id": "displayName",
                "value": "Info"
              }
            ]
          }
        ]
      },
      "gridPos": {
        "h": 8,
        "w": 6,
        "x": 0,
        "y": 8
      },
      "id": 18,
      "maxDataPoints": 192,
      "options": {
        "legend": {
          "displayMode": "list",
          "placement": "bottom",
          "showLegend": true
        },
        "pieType": "donut",
        "reduceOptions": {
          "calcs": [
            "lastNotNull"
          ],
          "fields": "",
          "values": false
        },
        "tooltip": {
          "mode": "single",
          "sort": "none"
        }
      },
      "targets": [
        {
          "datasource": {
            "type": "loki",
            "uid": "loki"
          },
          "editorMode": "builder",
          "expr": "sum(count_over_time({container_name=\"core\"} |= `[IMAGE] [info]` [$__range]))",
          "key": "Q-ebb17649-54c2-4149-804a-6a8d6a00aef4-0",
          "legendFormat": "Info",
          "queryType": "instant",
          "refId": "A"
        },
        {
          "datasource": {
            "type": "loki",
            "uid": "loki"
          },
          "editorMode": "builder",
          "expr": "sum(count_over_time({container_name=\"core\"} |= `[IMAGE] [warning]` [$__range]))",
          "key": "Q-d94563cc-8427-4c69-8789-1551dcdefc7d-1",
          "legendFormat": "Warning",
          "queryType": "instant",
          "refId": "B"
        },
        {
          "datasource": {
            "type": "loki",
            "uid": "loki"
          },
          "editorMode": "builder",
          "expr": "sum(count_over_time({container_name=\"core\"} |= `[IMAGE] [error]` [$__range]))",
          "key": "Q-cb9e1c49-7b99-47a8-b7cc-1f8186be8e7c-2",
          "legendFormat": "Error",
          "queryType": "instant",
          "refId": "C"
        }
      ],
      "title": "IMAGE Overview",
      "type": "piechart"
    },
    {
      "datasource": {
        "type": "loki",
        "uid": "loki"
      },
      "fieldConfig": {
        "defaults": {
          "color": {
            "mode": "palette-classic"
          },
          "custom": {
            "hideFrom": {
              "legend": false,
              "tooltip": false,
              "viz": false
            }
          },
          "mappings": []
        },
        "overrides": [
          {
            "matcher": {
              "id": "byName",
              "options": "Value #A"
            },
            "properties": [
              {
                "id": "color",
                "value": {
                  "fixedColor": "green",
                  "mode": "fixed"
                }
              },
              {
                "id": "displayName",
                "value": "Info"
              }
            ]
          }
        ]
      },
      "gridPos": {
        "h": 8,
        "w": 6,
        "x": 6,
        "y": 8
      },
      "id": 13,
      "maxDataPoints": 192,
      "options": {
        "legend": {
          "displayMode": "list",
          "placement": "bottom",
          "showLegend": true
        },
        "pieType": "donut",
        "reduceOptions": {
          "calcs": [
            "lastNotNull"
          ],
          "fields": "",
          "values": false
        },
        "tooltip": {
          "mode": "single",
          "sort": "none"
        }
      },
      "pluginVersion": "9.3.2",
      "targets": [
        {
          "datasource": {
            "type": "loki",
            "uid": "loki"
          },
          "editorMode": "builder",
          "expr": "count_over_time({container_name=\"core\"} |= `[DRFITS] [info]` [$__range])",
          "key": "Q-c4404ac7-b426-4781-b37d-f805940e783d-0",
          "legendFormat": "Info",
          "queryType": "instant",
          "refId": "A"
        },
        {
          "datasource": {
            "type": "loki",
            "uid": "loki"
          },
          "editorMode": "builder",
          "expr": "count_over_time({container_name=\"core\"} |= `[DRFITS] [warning]` [$__range])",
          "key": "Q-58cb3897-0ad8-49ef-90f8-9c06347d686f-1",
          "legendFormat": "Warning",
          "queryType": "instant",
          "refId": "B"
        },
        {
          "datasource": {
            "type": "loki",
            "uid": "loki"
          },
          "editorMode": "builder",
          "expr": "count_over_time({container_name=\"core\"} |= `[DRFITS] [error]` [$__range])",
          "key": "Q-a341c1c2-b787-4cbe-a319-468233921caf-2",
          "legendFormat": "Error",
          "queryType": "range",
          "refId": "C"
        }
      ],
      "title": "DRFITS Overview",
      "type": "piechart"
    },
    {
      "datasource": {
        "type": "loki",
        "uid": "loki"
      },
      "fieldConfig": {
        "defaults": {
          "color": {
            "mode": "palette-classic"
          },
          "custom": {
            "hideFrom": {
              "legend": false,
              "tooltip": false,
              "viz": false
            }
          },
          "mappings": []
        },
        "overrides": [
          {
            "matcher": {
              "id": "byName",
              "options": "Value #A"
            },
            "properties": [
              {
                "id": "color",
                "value": {
                  "fixedColor": "green",
                  "mode": "fixed"
                }
              },
              {
                "id": "displayName",
                "value": "Info"
              }
            ]
          }
        ]
      },
      "gridPos": {
        "h": 8,
        "w": 6,
        "x": 12,
        "y": 8
      },
      "id": 11,
      "maxDataPoints": 192,
      "options": {
        "legend": {
          "displayMode": "list",
          "placement": "bottom",
          "showLegend": true
        },
        "pieType": "donut",
        "reduceOptions": {
          "calcs": [
            "lastNotNull"
          ],
          "fields": "",
          "values": false
        },
        "tooltip": {
          "mode": "single",
          "sort": "none"
        }
      },
      "pluginVersion": "9.3.2",
      "targets": [
        {
          "datasource": {
            "type": "loki",
            "uid": "loki"
          },
          "editorMode": "builder",
          "expr": "sum(count_over_time({container_name=\"core\"} |= `[DATA] [info]` [$__range]))",
          "key": "Q-c4404ac7-b426-4781-b37d-f805940e783d-0",
          "legendFormat": "Info",
          "queryType": "instant",
          "refId": "A"
        },
        {
          "datasource": {
            "type": "loki",
            "uid": "loki"
          },
          "editorMode": "builder",
          "expr": "sum(count_over_time({container_name=\"core\"} |= `[DATA] [warning]` [$__range]))",
          "key": "Q-58cb3897-0ad8-49ef-90f8-9c06347d686f-1",
          "legendFormat": "Warning",
          "queryType": "instant",
          "refId": "B"
        },
        {
          "datasource": {
            "type": "loki",
            "uid": "loki"
          },
          "editorMode": "builder",
          "expr": "sum(count_over_time({container_name=\"core\"} |= `[DATA] [error]` [$__range]))",
          "key": "Q-a341c1c2-b787-4cbe-a319-468233921caf-2",
          "legendFormat": "Error",
          "queryType": "instant",
          "refId": "C"
        }
      ],
      "title": "DATA Overview",
      "type": "piechart"
    },
    {
      "datasource": {
        "type": "loki",
        "uid": "loki"
      },
      "fieldConfig": {
        "defaults": {
          "color": {
            "mode": "palette-classic"
          },
          "custom": {
            "hideFrom": {
              "legend": false,
              "tooltip": false,
              "viz": false
            }
          },
          "mappings": []
        },
        "overrides": [
          {
            "matcher": {
              "id": "byName",
              "options": "Value #A"
            },
            "properties": [
              {
                "id": "color",
                "value": {
                  "fixedColor": "green",
                  "mode": "fixed"
                }
              },
              {
                "id": "displayName",
                "value": "Info"
              }
            ]
          },
          {
            "matcher": {
              "id": "byName",
              "options": "Value #C"
            },
            "properties": [
              {
                "id": "color",
                "value": {
                  "fixedColor": "semi-dark-red",
                  "mode": "fixed"
                }
              },
              {
                "id": "displayName",
                "value": "Error"
              }
            ]
          },
          {
            "matcher": {
              "id": "byName",
              "options": "Value #B"
            },
            "properties": [
              {
                "id": "color",
                "value": {
                  "fixedColor": "semi-dark-yellow",
                  "mode": "fixed"
                }
              },
              {
                "id": "displayName",
                "value": "Warn"
              }
            ]
          }
        ]
      },
      "gridPos": {
        "h": 8,
        "w": 6,
        "x": 18,
        "y": 8
      },
      "id": 15,
      "maxDataPoints": 192,
      "options": {
        "legend": {
          "displayMode": "list",
          "placement": "bottom",
          "showLegend": true
        },
        "pieType": "donut",
        "reduceOptions": {
          "calcs": [],
          "fields": "",
          "values": false
        },
        "tooltip": {
          "mode": "single",
          "sort": "none"
        }
      },
      "pluginVersion": "9.3.2",
      "targets": [
        {
          "datasource": {
            "type": "loki",
            "uid": "loki"
          },
          "editorMode": "builder",
          "expr": "count_over_time({container_name=\"core\"} |= `[FPGA] [info]` [$__range])",
          "key": "Q-c4404ac7-b426-4781-b37d-f805940e783d-0",
          "legendFormat": "Info",
          "queryType": "instant",
          "refId": "A"
        },
        {
          "datasource": {
            "type": "loki",
            "uid": "loki"
          },
          "editorMode": "builder",
          "expr": "count_over_time({container_name=\"core\"} |= `[FPGA] [warning]` [$__range])",
          "key": "Q-58cb3897-0ad8-49ef-90f8-9c06347d686f-1",
          "legendFormat": "Warning",
          "queryType": "instant",
          "refId": "B"
        },
        {
          "datasource": {
            "type": "loki",
            "uid": "loki"
          },
          "editorMode": "builder",
          "expr": "count_over_time({container_name=\"core\"} |= `[FPGA] [error]` [$__range])",
          "key": "Q-a341c1c2-b787-4cbe-a319-468233921caf-2",
          "legendFormat": "Error",
          "queryType": "instant",
          "refId": "C"
        }
      ],
      "title": "FPGA Overview",
      "type": "piechart"
    },
    {
      "datasource": {
        "type": "loki",
        "uid": "loki"
      },
      "gridPos": {
        "h": 8,
        "w": 24,
        "x": 0,
        "y": 16
      },
      "id": 1,
      "maxDataPoints": 192,
      "options": {
        "dedupStrategy": "none",
        "enableLogDetails": true,
        "prettifyLogMessage": false,
        "showCommonLabels": false,
        "showLabels": false,
        "showTime": true,
        "sortOrder": "Descending",
        "wrapLogMessage": true
      },
      "targets": [
        {
          "datasource": {
            "type": "loki",
            "uid": "loki"
          },
          "editorMode": "builder",
          "expr": "{container_name=\"core\"}",
          "key": "Q-96ef16cf-9cbf-4c47-b588-a5bcb6a17541-0",
          "queryType": "range",
          "refId": "A"
        }
      ],
      "title": "Core Logs Details",
      "type": "logs"
    },
    {
      "datasource": {
        "type": "loki",
        "uid": "loki"
      },
      "gridPos": {
        "h": 8,
        "w": 12,
        "x": 0,
        "y": 24
      },
      "id": 3,
      "maxDataPoints": 192,
      "options": {
        "dedupStrategy": "none",
        "enableLogDetails": true,
        "prettifyLogMessage": false,
        "showCommonLabels": false,
        "showLabels": false,
        "showTime": true,
        "sortOrder": "Descending",
        "wrapLogMessage": true
      },
      "targets": [
        {
          "datasource": {
            "type": "loki",
            "uid": "loki"
          },
          "editorMode": "builder",
          "expr": "{container_name=\"core\"} |= `[FPGA]`",
          "key": "Q-5c502a23-43d0-4d6c-97f1-1097969dc184-0",
          "queryType": "range",
          "refId": "A"
        }
      ],
      "title": "FPGA Logs Details",
      "type": "logs"
    },
    {
      "datasource": {
        "type": "loki",
        "uid": "loki"
      },
      "gridPos": {
        "h": 8,
        "w": 12,
        "x": 12,
        "y": 24
      },
      "id": 5,
      "maxDataPoints": 192,
      "options": {
        "dedupStrategy": "none",
        "enableLogDetails": true,
        "prettifyLogMessage": false,
        "showCommonLabels": false,
        "showLabels": false,
        "showTime": true,
        "sortOrder": "Descending",
        "wrapLogMessage": true
      },
      "targets": [
        {
          "datasource": {
            "type": "loki",
            "uid": "loki"
          },
          "editorMode": "builder",
          "expr": "{container_name=\"core\"} |= `IMAGE`",
          "key": "Q-bc114ce9-4346-4372-bf00-032b856b570f-0",
          "queryType": "range",
          "refId": "A"
        }
      ],
      "title": "Image Logs Details",
      "type": "logs"
    },
    {
      "datasource": {
        "type": "loki",
        "uid": "loki"
      },
      "gridPos": {
        "h": 8,
        "w": 12,
        "x": 0,
        "y": 32
      },
      "id": 2,
      "options": {
        "dedupStrategy": "none",
        "enableLogDetails": true,
        "prettifyLogMessage": false,
        "showCommonLabels": false,
        "showLabels": false,
        "showTime": true,
        "sortOrder": "Descending",
        "wrapLogMessage": true
      },
      "targets": [
        {
          "datasource": {
            "type": "loki",
            "uid": "loki"
          },
          "editorMode": "builder",
          "expr": "{container_name=\"core\"} |= `[DRFITS]`",
          "key": "Q-127c1c5f-12bd-4ca5-b588-1093ffbd06d7-0",
          "queryType": "range",
          "refId": "A"
        }
      ],
      "title": "DRFITS Logs Details",
      "type": "logs"
    },
    {
      "datasource": {
        "type": "loki",
        "uid": "loki"
      },
      "gridPos": {
        "h": 8,
        "w": 12,
        "x": 12,
        "y": 32
      },
      "id": 4,
      "maxDataPoints": 192,
      "options": {
        "dedupStrategy": "none",
        "enableLogDetails": true,
        "prettifyLogMessage": false,
        "showCommonLabels": false,
        "showLabels": false,
        "showTime": true,
        "sortOrder": "Descending",
        "wrapLogMessage": true
      },
      "targets": [
        {
          "datasource": {
            "type": "loki",
            "uid": "loki"
          },
          "editorMode": "builder",
          "expr": "{container_name=\"core\"} |= `[DATA]`",
          "key": "Q-37504b05-b45d-4347-8fe9-a43cf805b7b1-0",
          "queryType": "range",
          "refId": "A"
        }
      ],
      "title": "Data Logs Details",
      "type": "logs"
    }
  ],
  "refresh": "3m",
  "schemaVersion": 37,
  "style": "dark",
  "tags": [],
  "templating": {
    "list": []
  },
  "time": {
    "from": "now-15m",
    "to": "now"
  },
  "timepicker": {
    "refresh_intervals": [
      "3m"
    ]
  },
  "timezone": "",
  "title": "Core_Dashboard",
  "uid": "7IyJcGoVz",
  "version": 1,
  "weekStart": ""
}