{
  "annotations": {
    "list": [
      {
        "builtIn": 1,
        "datasource": {
          "type": "grafana",
          "uid": "-- Grafana --"
        },
        "enable": true,
        "hide": true,
        "iconColor": "rgba(0, 211, 255, 1)",
        "name": "Annotations & Alerts",
        "target": {
          "limit": 100,
          "matchAny": false,
          "tags": [],
          "type": "dashboard"
        },
        "type": "dashboard"
      }
    ]
  },
  "editable": true,
  "fiscalYearStartMonth": 0,
  "graphTooltip": 0,
  "links": [],
  "liveNow": false,
  "panels": [
    {
      "datasource": {
        "type": "loki",
        "uid": "loki"
      },
      "fieldConfig": {
        "defaults": {
          "color": {
            "mode": "palette-classic"
          },
          "custom": {
            "axisCenteredZero": false,
            "axisColorMode": "text",
            "axisLabel": "Count",
            "axisPlacement": "auto",
            "barAlignment": 0,
            "drawStyle": "line",
            "fillOpacity": 0,
            "gradientMode": "none",
            "hideFrom": {
              "legend": false,
              "tooltip": false,
              "viz": false
            },
            "lineInterpolation": "linear",
            "lineWidth": 1,
            "pointSize": 5,
            "scaleDistribution": {
              "type": "linear"
            },
            "showPoints": "auto",
            "spanNulls": false,
            "stacking": {
              "group": "A",
              "mode": "none"
            },
            "thresholdsStyle": {
              "mode": "off"
            }
          },
          "mappings": [],
          "thresholds": {
            "mode": "absolute",
            "steps": [
              {
                "color": "green",
                "value": null
              },
              {
                "color": "red",
                "value": 80
              }
            ]
          }
        },
        "overrides": [
          {
            "matcher": {
              "id": "byName",
              "options": "Value #Debug"
            },
            "properties": [
              {
                "id": "color",
                "value": {
                  "fixedColor": "blue",
                  "mode": "fixed"
                }
              },
              {
                "id": "displayName",
                "value": "Debug"
              }
            ]
          },
          {
            "matcher": {
              "id": "byName",
              "options": "Value #Info"
            },
            "properties": [
              {
                "id": "color",
                "value": {
                  "fixedColor": "green",
                  "mode": "fixed"
                }
              },
              {
                "id": "displayName",
                "value": "Info"
              }
            ]
          },
          {
            "matcher": {
              "id": "byName",
              "options": "Value #Error"
            },
            "properties": [
              {
                "id": "color",
                "value": {
                  "fixedColor": "semi-dark-red",
                  "mode": "fixed"
                }
              },
              {
                "id": "displayName",
                "value": "Error"
              }
            ]
          }
        ]
      },
      "gridPos": {
        "h": 8,
        "w": 12,
        "x": 0,
        "y": 0
      },
      "id": 2,
      "options": {
        "legend": {
          "calcs": [],
          "displayMode": "list",
          "placement": "bottom",
          "showLegend": true
        },
        "tooltip": {
          "mode": "single",
          "sort": "none"
        }
      },
      "targets": [
        {
          "datasource": {
            "type": "loki",
            "uid": "loki"
          },
          "editorMode": "builder",
          "expr": "count_over_time({container_name=\"retinanet\"} |= `INFO` [$__range])",
          "key": "Q-4fe072a6-e775-4c8f-8764-7accd4c49500-0",
          "queryType": "instant",
          "refId": "Info"
        },
        {
          "datasource": {
            "type": "loki",
            "uid": "loki"
          },
          "editorMode": "builder",
          "expr": "count_over_time({container_name=\"retinanet\"} |= `DEBUG` [$__range])",
          "key": "Q-13977e8e-d965-442f-a781-12b263ca6e40-1",
          "queryType": "instant",
          "refId": "Debug"
        },
        {
          "datasource": {
            "type": "loki",
            "uid": "loki"
          },
          "editorMode": "builder",
          "expr": "count_over_time({container_name=\"retinanet\"} |= `Error` [$__range])",
          "key": "Q-bde7cd89-809a-4c60-9972-de653ce57740-2",
          "queryType": "instant",
          "refId": "Error"
        },
        {
          "datasource": {
            "type": "loki",
            "uid": "loki"
          },
          "editorMode": "builder",
          "expr": "count_over_time({container_name=\"retinanet\"} |= `warning` [$__range])",
          "key": "Q-4ccd2e67-e6ae-42b2-9e1b-01e5bacd6f0a-3",
          "queryType": "range",
          "refId": "Warn"
        }
      ],
      "title": "Logs panel",
      "type": "timeseries"
    },
    {
      "datasource": {
        "type": "loki",
        "uid": "loki"
      },
      "fieldConfig": {
        "defaults": {
          "color": {
            "mode": "palette-classic"
          },
          "custom": {
            "hideFrom": {
              "legend": false,
              "tooltip": false,
              "viz": false
            }
          },
          "mappings": []
        },
        "overrides": [
          {
            "matcher": {
              "id": "byName",
              "options": "Value #Info"
            },
            "properties": [
              {
                "id": "color",
                "value": {
                  "fixedColor": "green",
                  "mode": "fixed"
                }
              },
              {
                "id": "displayName",
                "value": "Info"
              }
            ]
          },
          {
            "matcher": {
              "id": "byName",
              "options": "Value #Debug"
            },
            "properties": [
              {
                "id": "color",
                "value": {
                  "fixedColor": "semi-dark-blue",
                  "mode": "fixed"
                }
              },
              {
                "id": "displayName",
                "value": "Debug"
              }
            ]
          },
          {
            "matcher": {
              "id": "byName",
              "options": "Value #Error"
            },
            "properties": [
              {
                "id": "color",
                "value": {
                  "fixedColor": "semi-dark-red",
                  "mode": "fixed"
                }
              },
              {
                "id": "displayName",
                "value": "Error"
              }
            ]
          }
        ]
      },
      "gridPos": {
        "h": 8,
        "w": 12,
        "x": 12,
        "y": 0
      },
      "id": 5,
      "options": {
        "displayLabels": [
          "percent"
        ],
        "legend": {
          "displayMode": "list",
          "placement": "right",
          "showLegend": true,
          "values": []
        },
        "pieType": "pie",
        "reduceOptions": {
          "calcs": [
            "lastNotNull"
          ],
          "fields": "",
          "values": false
        },
        "tooltip": {
          "mode": "single",
          "sort": "none"
        }
      },
      "targets": [
        {
          "datasource": {
            "type": "loki",
            "uid": "loki"
          },
          "editorMode": "builder",
          "expr": "count_over_time({container_name=\"retinanet\"} |= `INFO` [$__range])",
          "key": "Q-4fe072a6-e775-4c8f-8764-7accd4c49500-0",
          "queryType": "instant",
          "refId": "Info"
        },
        {
          "datasource": {
            "type": "loki",
            "uid": "loki"
          },
          "editorMode": "builder",
          "expr": "count_over_time({container_name=\"retinanet\"} |= `DEBUG` [$__range])",
          "key": "Q-13977e8e-d965-442f-a781-12b263ca6e40-1",
          "queryType": "instant",
          "refId": "Debug"
        },
        {
          "datasource": {
            "type": "loki",
            "uid": "loki"
          },
          "editorMode": "builder",
          "expr": "count_over_time({container_name=\"retinanet\"} |= `Error` [$__range])",
          "key": "Q-bde7cd89-809a-4c60-9972-de653ce57740-2",
          "queryType": "instant",
          "refId": "Error"
        },
        {
          "datasource": {
            "type": "loki",
            "uid": "loki"
          },
          "editorMode": "builder",
          "expr": "count_over_time({container_name=\"retinanet\"} |= `warning` [$__range])",
          "key": "Q-4ccd2e67-e6ae-42b2-9e1b-01e5bacd6f0a-3",
          "queryType": "range",
          "refId": "Warn"
        }
      ],
      "title": "Logs data overview",
      "type": "piechart"
    },
    {
      "datasource": {
        "type": "loki",
        "uid": "loki"
      },
      "gridPos": {
        "h": 8,
        "w": 16,
        "x": 0,
        "y": 8
      },
      "id": 1,
      "options": {
        "dedupStrategy": "none",
        "enableLogDetails": true,
        "prettifyLogMessage": false,
        "showCommonLabels": false,
        "showLabels": false,
        "showTime": false,
        "sortOrder": "Descending",
        "wrapLogMessage": false
      },
      "targets": [
        {
          "datasource": {
            "type": "loki",
            "uid": "loki"
          },
          "editorMode": "builder",
          "expr": "{container_name=\"retinanet\"} |= ``",
          "key": "Q-4761e13e-bfaa-44ef-b0bd-eb2bb256ad61-0",
          "queryType": "range",
          "refId": "A"
        }
      ],
      "title": "Logs",
      "type": "logs"
    },
    {
      "datasource": {
        "type": "loki",
        "uid": "loki"
      },
      "fieldConfig": {
        "defaults": {
          "color": {
            "fixedColor": "green",
            "mode": "fixed"
          },
          "mappings": [],
          "thresholds": {
            "mode": "absolute",
            "steps": [
              {
                "color": "green",
                "value": null
              },
              {
                "color": "red",
                "value": 80
              }
            ]
          },
          "unit": "none"
        },
        "overrides": []
      },
      "gridPos": {
        "h": 8,
        "w": 4,
        "x": 16,
        "y": 8
      },
      "id": 3,
      "options": {
        "colorMode": "value",
        "graphMode": "area",
        "justifyMode": "auto",
        "orientation": "auto",
        "reduceOptions": {
          "calcs": [
            "lastNotNull"
          ],
          "fields": "",
          "values": false
        },
        "textMode": "auto"
      },
      "pluginVersion": "9.3.2",
      "targets": [
        {
          "datasource": {
            "type": "loki",
            "uid": "loki"
          },
          "editorMode": "builder",
          "expr": "sum(count_over_time({container_name=\"retinanet\"} [$__range]))",
          "key": "Q-4f9b6d76-ade3-45b6-a78a-38011bb28b19-0",
          "queryType": "instant",
          "refId": "A"
        }
      ],
      "title": "Logs_Count",
      "type": "stat"
    },
    {
      "datasource": {
        "type": "loki",
        "uid": "loki"
      },
      "fieldConfig": {
        "defaults": {
          "color": {
            "fixedColor": "semi-dark-red",
            "mode": "fixed"
          },
          "mappings": [],
          "noValue": "0",
          "thresholds": {
            "mode": "absolute",
            "steps": [
              {
                "color": "green",
                "value": null
              },
              {
                "color": "red",
                "value": 80
              }
            ]
          },
          "unit": "short"
        },
        "overrides": []
      },
      "gridPos": {
        "h": 8,
        "w": 4,
        "x": 20,
        "y": 8
      },
      "id": 7,
      "options": {
        "colorMode": "value",
        "graphMode": "area",
        "justifyMode": "auto",
        "orientation": "auto",
        "reduceOptions": {
          "calcs": [
            "lastNotNull"
          ],
          "fields": "",
          "values": false
        },
        "textMode": "auto"
      },
      "pluginVersion": "9.3.2",
      "targets": [
        {
          "datasource": {
            "type": "loki",
            "uid": "loki"
          },
          "editorMode": "builder",
          "expr": "sum(count_over_time({container_name=\"retinanet\"} |= `Error` [$__range]))",
          "key": "Q-4f9b6d76-ade3-45b6-a78a-38011bb28b19-0",
          "queryType": "instant",
          "refId": "A"
        }
      ],
      "title": "Error_Count",
      "type": "stat"
    }
  ],
  "refresh": "3m",
  "schemaVersion": 37,
  "style": "dark",
  "tags": [],
  "templating": {
    "list": []
  },
  "time": {
    "from": "now-6h",
    "to": "now"
  },
  "timepicker": {
    "refresh_intervals": [
      "3m"
    ]
  },
  "timezone": "",
  "title": "Retinanet_Dashboard",
  "uid": "ibSJRpl4z",
  "version": 1,
  "weekStart": ""
}